time,ReferenceRate,ReferenceRateBTC,ReferenceRateETH,ReferenceRateEUR,ReferenceRateUSD,principal_market_price_usd,principal_market_usd
2022-06-08,0.00691463231104676,0.000000221800324564122,0.00000381484879076485,0.00646037328781927,0.00691463231104676,,
2022-06-09,0.00664039412974481,0.000000219673549285203,0.00000370041142085829,0.00619789956706558,0.00664039412974481,,
2022-06-10,0.00674908639227595,0.000000224487007628367,0.00000377638387130522,0.00635618654118348,0.00674908639227595,,
2022-06-11,0.00650038711163063,0.000000223608450688678,0.00000391,0.00618321551292036,0.00650038711163063,,
2022-06-12,0.00612291418518042,0.000000215893640542914,0.00000400321056619792,0.0058272817554782,0.00612291418518042,,
2022-06-13,0.00600682516183109,0.000000223882280709367,0.00000414442131365656,0.00572203944607194,0.00600682516183109,,
2022-06-14,0.00591912881694113,0.000000265238422658526,0.00000496502957334892,0.00568603959687121,0.00591912881694113,,
2022-06-15,0.00577055660385588,0.000000261432136777351,0.00000478668037405919,0.00553080751805097,0.00577055660385588,,
2022-06-16,0.00576530579872714,0.000000255999258484431,0.00000469287112378333,0.00551569027811375,0.00576530579872714,,
2022-06-17,0.00560878335573583,0.000000276156301342536,0.00000528106020460424,0.00531979769190271,0.00560878335573583,,
2022-06-18,0.00560023533340704,0.000000273650365926636,0.00000515195123803462,0.00533846636057583,0.00560023533340704,,
2022-06-19,0.00560674688951235,0.000000294876724167474,0.00000564746455942246,0.00534452175166088,0.00560674688951235,,
2022-06-20,0.00558024279442753,0.00000027230931179703,0.000004963,0.00532270816630215,0.00558024279442753,,
2022-06-21,0.00562314463205435,0.000000273344642304588,0.00000501,0.00534856377501913,0.00562314463205435,,
2022-06-22,0.0054805650910244,0.000000264909216622195,0.00000487247727829782,0.00520557764729096,0.0054805650910244,,
2022-06-23,0.00554773707811245,0.000000277342918106929,0.00000527108195566528,0.00525348142369277,0.00554773707811245,,
2022-06-24,0.0054676748048416,0.000000259167092661329,0.00000477631141217908,0.00519464720508613,0.0054676748048416,,
2022-06-25,0.00571783771002365,0.000000268454718199579,0.00000463387879781796,0.00542020910360752,0.00571783771002365,,
2022-06-26,0.00578945387989162,0.000000269673995689916,0.00000465965711731977,0.00549022243103559,0.00578945387989162,,
2022-06-27,0.00563803261621438,0.000000267628711384943,0.0000046818933344243,0.00533932106808468,0.00563803261621438,,
2022-06-28,0.00575618654137966,0.000000277392520903694,0.00000481728849067708,0.00543998574304429,0.00575618654137966,,
2022-06-29,0.00557299706807131,0.000000275030186083423,0.00000487660974978097,0.00529563833198036,0.00557299706807131,,
2022-06-30,0.00547846780668533,0.000000272819180801958,0.00000499940049394981,0.00524215522733542,0.00547846780668533,,
2022-07-01,0.00554798572883613,0.000000286971031145534,0.00000532671887784921,0.00528993813270699,0.00554798572883613,,
2022-07-02,0.0054534122310339,0.000000281948651794807,0.00000511527724889261,0.00522901162495299,0.0054534122310339,,
2022-07-03,0.00535246335297383,0.000000278312717901321,0.00000501863592404791,0.00513435953598492,0.00535246335297383,,
2022-07-04,0.00548238777286862,0.000000284407625986692,0.0000051060595485332,0.00525462649720881,0.00548238777286862,,
2022-07-05,0.00538589204649067,0.00000026628164581179,0.00000468272347251959,0.0051611355865334,0.00538589204649067,,
2022-07-06,0.00527682468990795,0.0000002613150652564,0.000004651,0.00513821175435318,0.00527682468990795,,
2022-07-07,0.00544420645953975,0.000000264785166851059,0.00000457488712244058,0.00534885093682653,0.00544420645953975,,
2022-07-08,0.00544076023809161,0.00000025128885096767,0.00000439321876063387,0.00535102821365528,0.00544076023809161,,
2022-07-09,0.00544715264533256,0.000000249711460664408,0.000004424,0.00535125659303514,0.00544715264533256,,
2022-07-10,0.00547246610805167,0.000000253529422905624,0.00000449733237577604,0.00537586526087708,0.00547246610805167,,
2022-07-11,0.00545693448247101,0.000000261958756908048,0.00000467602762712083,0.00536643482631036,0.00545693448247101,,
2022-07-12,0.00545190694955634,0.000000272986681112718,0.00000497192609086359,0.00542728356250544,0.00545190694955634,,
2022-07-13,0.00528086655105012,0.000000273066065601665,0.00000507624740177691,0.00526573871115113,0.00528086655105012,,
2022-07-14,0.00554517380809134,0.000000275119255247027,0.00000499602385923427,0.00552479134576694,0.00554517380809134,,
2022-07-15,0.00551996140184439,0.000000268573372256363,0.00000463559565101427,0.00550637574944939,0.00551996140184439,,
2022-07-16,0.00552115957501397,0.000000265036149644722,0.00000446895917973495,0.00547380874356369,0.00552115957501397,,
2022-07-17,0.00528652216435496,0.000000249405320881623,0.00000390845998958393,0.00524464139449695,0.00528652216435496,,
2022-07-18,0.00532988263160235,0.000000255901245285313,0.0000039618581245914,0.00527909468751678,0.00532988263160235,,
2022-07-19,0.00532064102215009,0.000000238532726504943,0.00000339214577778946,0.00524502238593307,0.00532064102215009,,
2022-07-20,0.00527289471194268,0.000000225615035247443,0.00000341136652712156,0.00515273925402027,0.00527289471194268,,
2022-07-21,0.00514152111847726,0.000000220846841887787,0.0000033755326553865,0.0050515689896914,0.00514152111847726,,
2022-07-22,0.00514040050117488,0.000000222024430895122,0.00000325649660237389,0.00502660131350688,0.00514040050117488,,
2022-07-23,0.00499805022713838,0.00000022011943252695,0.00000325269584299119,0.00489905453236511,0.00499805022713838,,
2022-07-24,0.00499752205728072,0.000000222265610472274,0.00000322327444097812,0.00489786376888597,0.00499752205728072,,
2022-07-25,0.00500071438238304,0.000000220749373995287,0.00000311896522490713,0.0049013680121175,0.00500071438238304,,
2022-07-26,0.00488164839566893,0.000000226946531568402,0.00000333974514254691,0.0047829616024908,0.00488164839566893,,
2022-07-27,0.00489728796973549,0.000000231204171695799,0.00000342178978864805,0.00483297681799677,0.00489728796973549,,
2022-07-28,0.00611529439843578,0.000000267061907131538,0.00000374633146653594,0.00599285234461388,0.00611529439843578,,
2022-07-29,0.00593695371300665,0.000000249048369074053,0.00000344248786096405,0.00582284583226758,0.00593695371300665,,
2022-07-30,0.00602352079886626,0.000000251496225307617,0.00000344974649090449,0.00589096073530397,0.00602352079886626,,
2022-07-31,0.00613767928026887,0.000000259813159702084,0.00000362554730071713,0.00600831092810217,0.00613767928026887,,
2022-08-01,0.00592078992503157,0.000000253500011426501,0.00000351864045904774,0.00580124314208806,0.00592078992503157,,
2022-08-02,0.00592563521407426,0.000000253976373901908,0.00000362238196473539,0.00577598122963874,0.00592563521407426,,
2022-08-03,0.00597144559721343,0.000000259273801290922,0.00000363989959355259,0.00588053962705191,0.00597144559721343,,
2022-08-04,0.00593579954691438,0.000000260230831667366,0.00000367263304921061,0.0058436448283706,0.00593579954691438,,
2022-08-05,0.00592141050819359,0.000000261681262529887,0.00000368487267757713,0.00578127553767574,0.00592141050819359,,
2022-08-06,0.00602576948814374,0.000000259184346608099,0.00000349192842895481,0.00591793686684695,0.00602576948814374,,
2022-08-07,0.00603248030431262,0.000000262324236965796,0.0000035578643321195,0.00592380374814963,0.00603248030431262,,
2022-08-08,0.0060358945697542,0.000000260688589547084,0.00000355579055766042,0.00593324969350347,0.0060358945697542,,
2022-08-09,0.00603827372780135,0.000000253670071482831,0.00000339980945630366,0.00592078985890592,0.00603827372780135,,
2022-08-10,0.00590845144257325,0.000000254825200475376,0.00000346741685363869,0.00579084813255494,0.00590845144257325,,
2022-08-11,0.00593161438467785,0.000000247945486940155,0.00000320484026534103,0.00575899753992377,0.00593161438467785,,
2022-08-12,0.00604844480104221,0.000000252708859683878,0.00000322049019057859,0.00586591087012927,0.00604844480104221,,
2022-08-13,0.0060663386011803,0.000000248658050666675,0.0000031033380056322,0.00591041917724473,0.0060663386011803,,
2022-08-14,0.00607686044789169,0.000000248784290296222,0.00000306720437131558,0.00592586085114637,0.00607686044789169,,
2022-08-15,0.00589012829673295,0.000000242250527690628,0.00000304188759542365,0.00574324870013194,0.00589012829673295,,
2022-08-16,0.00578512680830514,0.000000240206687587175,0.00000304200799958255,0.00569414868207573,0.00578512680830514,,
2022-08-17,0.00572283998574127,0.000000239762172611173,0.00000304955335194771,0.00562521716765319,0.00572283998574127,,
2022-08-18,0.00562008749872719,0.000000240829767987106,0.00000306571302225212,0.0055236706644343,0.00562008749872719,,
2022-08-19,0.00560575324189245,0.000000241407004744244,0.00000303144667722965,0.00555400241431415,0.00560575324189245,,
2022-08-20,0.00544700315253216,0.000000260537812050215,0.00000337098168140298,0.00542503175670826,0.00544700315253216,,
2022-08-21,0.00490488286947068,0.000000231946041364855,0.0000031125608530796,0.00488795393331363,0.00490488286947068,,
2022-08-22,0.00491361759946924,0.000000227967823707693,0.00000303040774028497,0.00489955622250596,0.00491361759946924,,
2022-08-23,0.00466323975322915,0.000000218920301919764,0.00000290013357857108,0.00469016492111052,0.00466323975322915,,
2022-08-24,0.00459516816659627,0.000000213386199078182,0.00000276171448443016,0.00461052305699322,0.00459516816659627,,
2022-08-25,0.00457956731783344,0.000000213749037425796,0.00000276086218827055,0.0045922528833482,0.00457956731783344,,
2022-08-26,0.00453852607390904,0.000000210235306601845,0.00000267744180246608,0.0045512271371726,0.00453852607390904,,
2022-08-27,0.00442108657216452,0.000000218366611502191,0.00000293017808826871,0.0044408496206782,0.00442108657216452,,
2022-08-28,0.00425846447088517,0.000000212455916679078,0.00000285254958175916,0.00427809023776817,0.00425846447088517,,
2022-08-29,0.00412425914487426,0.000000209634813528985,0.00000286224330097019,0.00415157765080704,0.00412425914487426,,
2022-08-30,0.00407643000315776,0.000000201097033684607,0.0000026294763678598,0.00407661976013295,0.00407643000315776,,
2022-08-31,0.00391909169926171,0.000000197679704046268,0.00000256218804874183,0.00391131156046289,0.00391909169926171,,
2022-09-01,0.00395658432404156,0.000000197585478648432,0.00000254979043424019,0.00394038168347415,0.00395658432404156,,
2022-09-02,0.00375154153483469,0.000000186593146754177,0.00000236489015987378,0.0037681276719976,0.00375154153483469,,
2022-09-03,0.00392993719734839,0.000000197000622498519,0.00000249267224744981,0.00394886045740873,0.00392993719734839,,
2022-09-04,0.00395409297083449,0.00000019966301053843,0.00000254273292094521,0.00397228713930975,0.00395409297083449,,
2022-09-05,0.00396160696500478,0.000000198458293308519,0.00000251366202470593,0.00399556824130009,0.00396160696500478,,
2022-09-06,0.00365955746638361,0.000000184846703170663,0.00000226870369675237,0.00367817833188004,0.00365955746638361,,
2022-09-07,0.00364717074480734,0.000000193523379619015,0.00000232942541757648,0.00368670024221413,0.00364717074480734,,
2022-09-08,0.00387478048252122,0.00000020083963850316,0.00000237151047474004,0.00387630751308921,0.00387478048252122,,
2022-09-09,0.00384449738494396,0.000000198999562068356,0.00000235200192527923,0.00384179254036254,0.00384449738494396,,
2022-09-10,0.00373337476314418,0.000000174756352426452,0.00000217382643345071,0.00371200091974655,0.00373337476314418,,
2022-09-11,0.00389627845963659,0.000000179426232416894,0.00000218916497868081,0.00387217348467488,0.00389627845963659,,
2022-09-12,0.00381694139908664,0.000000175630685789716,0.000002170525598131,0.00378865335604269,0.00381694139908664,,
2022-09-13,0.00384077712152712,0.000000171729947467716,0.000002244924974231,0.00379214466757319,0.00384077712152712,,
2022-09-14,0.00393290997411863,0.000000195036040230986,0.0000024986037125513,0.00394233886306641,0.00393290997411863,,
2022-09-15,0.0038801983603572,0.000000191649126180238,0.00000237501220752214,0.00388637117633503,0.0038801983603572,,
2022-09-16,0.00387124707560235,0.000000196541232282459,0.00000262893122204744,0.00387329123589039,0.00387124707560235,,
2022-09-17,0.00384493769956916,0.000000194763446680141,0.00000268864702838973,0.00384012521797045,0.00384493769956916,,
2022-09-18,0.00384738662838582,0.000000191215324506371,0.00000261839164682129,0.00384356273011609,0.00384738662838582,,
2022-09-19,0.00375154503636719,0.000000193108852358123,0.00000280414209874984,0.00374464098311966,0.00375154503636719,,
2022-09-20,0.00388313851091808,0.000000198544998760095,0.00000281500826479968,0.00387398595667282,0.00388313851091808,,
2022-09-21,0.0038982410138365,0.000000206551760130803,0.00000294560601290081,0.00391013014603944,0.0038982410138365,,
2022-09-22,0.00384218479335123,0.000000207609794369097,0.00000307588687076904,0.00390331756061674,0.00384218479335123,,
2022-09-23,0.00388440492356007,0.000000200077106879614,0.00000292353035091882,0.00394544245450089,0.00388440492356007,,
2022-09-24,0.0037945989571547,0.000000196338050299303,0.00000285103468036778,0.00391321186544714,0.0037945989571547,,
2022-09-25,0.00362338316063087,0.000000191462489863168,0.00000275122346087451,0.00373583130242483,0.00362338316063087,,
2022-09-26,0.00361476117826263,0.000000192344550793359,0.00000279229372999027,0.00373005166958422,0.00361476117826263,,
2022-09-27,0.00371348205358924,0.000000193399123945526,0.00000278291293975404,0.00386039220949859,0.00371348205358924,,
2022-09-28,0.00367726356164753,0.000000192458984146644,0.00000276376939903126,0.00383403147053021,0.00367726356164753,,
2022-09-29,0.00377311511539305,0.000000193941264093728,0.00000281757266707642,0.00388330569669158,0.00377311511539305,,
2022-09-30,0.00358962714865401,0.000000183698464194542,0.00000269159646170096,0.00365283676179219,0.00358962714865401,,
2022-10-01,0.00397824908203789,0.000000204693039876605,0.00000299775528694533,0.00405953428959442,0.00397824908203789,,
2022-10-02,0.0036028426034726,0.000000186561123552588,0.00000274769729160094,0.00367716310122154,0.0036028426034726,,
2022-10-03,0.0037812080402944,0.000000198850897488326,0.0000029620453688959,0.0038596220046397,0.0037812080402944,,
2022-10-04,0.00376358951654036,0.000000191692894254284,0.00000284171031921725,0.00382753463060107,0.00376358951654036,,
2022-10-05,0.00379158649996469,0.000000186410612264911,0.0000027821134572152,0.00379882415416929,0.00379158649996469,,
2022-10-06,0.00376654500287075,0.000000186878013960459,0.00000278475837004566,0.00380380705105767,0.00376654500287075,,
2022-10-07,0.0037590366130511,0.000000188417714217099,0.00000278168217632329,0.0038388429817272,0.0037590366130511,,
2022-10-08,0.00373018231978476,0.000000190908175646593,0.0000027993004222824,0.00383040476245772,0.00373018231978476,,
2022-10-09,0.00373363495032504,0.00000019229505923175,0.00000283827516751228,0.00383439894657484,0.00373363495032504,,
2022-10-10,0.00372073851244196,0.000000191510613686164,0.00000281674683994783,0.00382290510964984,0.00372073851244196,,
2022-10-11,0.00371156058645253,0.000000193770609671942,0.00000287261541714978,0.00382278897502876,0.00371156058645253,,
2022-10-12,0.00373163153274984,0.000000195996441428169,0.00000291865871178378,0.00384534049726719,0.00373163153274984,,
2022-10-13,0.00376186778617324,0.00000019637130826079,0.00000290573846939847,0.00387572013838175,0.00376186778617324,,
2022-10-14,0.00378849911542408,0.000000195406004498805,0.0000029409223238215,0.00387767499513083,0.00378849911542408,,
2022-10-15,0.00375944950511986,0.000000196032405402752,0.00000289785319149032,0.00386695568023609,0.00375944950511986,,
2022-10-16,0.00397110701533273,0.000000208239803904597,0.00000311460109168793,0.00408766031451853,0.00397110701533273,,
2022-10-17,0.00398181056783061,0.000000206721124076881,0.00000304977092141729,0.00408762251080033,0.00398181056783061,,
2022-10-18,0.00403364634351111,0.00000020625054175259,0.00000302742325332754,0.00409819866225514,0.00403364634351111,,
2022-10-19,0.00691634868490939,0.000000357592831104599,0.00000527442349944663,0.00701266491148143,0.00691634868490939,,
2022-10-20,7.23593171665066,0.000378207887921556,0.00563254597845814,7.41098677397416,7.23593171665066,,
2022-10-21,7.36320614018326,0.000386857598510803,0.00574394211434469,7.53216885320222,7.36320614018326,,
2022-10-22,7.49571082830023,0.000390913124651854,0.00576648458240163,7.60365516376347,7.49571082830023,,
2022-10-23,8.89887982243946,0.000463299246899948,0.00677078065386703,9.02320237491202,8.89887982243946,,
2022-10-24,9.74365183371737,0.000498003909765814,0.00714417124730571,9.88508998812112,9.74365183371737,,
2022-10-25,9.5713814802454,0.000494863437210486,0.00711863434777735,9.68018324095588,9.5713814802454,,
2022-10-26,8.78613546553311,0.00043723077702816,0.00601258717775182,8.81765690893806,8.78613546553311,,
2022-10-27,9.16893410710552,0.000440877074419508,0.00583540411570945,9.08829214000874,9.16893410710552,,
2022-10-28,8.70869682255118,0.000429419211992127,0.00574913850995513,8.73455521175837,8.70869682255118,,
2022-10-29,8.17398678033111,0.000396706623012262,0.00525331421032172,8.20316651174147,8.17398678033111,,
2022-10-30,7.93918551889459,0.000381620059182553,0.0049040769612832,7.96296419908443,7.93918551889459,,
2022-10-31,7.80277807442179,0.000378468755739463,0.00490891870743811,7.8365062279591,7.80277807442179,,
2022-11-01,7.938311359922,0.000387407461895666,0.00505237513014515,8.02851788232698,7.938311359922,,
2022-11-02,8.19455043801999,0.000400047052685237,0.00518558430647737,8.29838755355474,8.19455043801999,,
2022-11-03,7.35634344464622,0.000365110162357214,0.00484104545428126,7.49472860153351,7.35634344464622,,
2022-11-04,7.22204518587628,0.000357560423316753,0.00472091914575186,7.40808986211758,7.22204518587628,,
2022-11-05,7.66155644927811,0.000362124486223139,0.00465814477114309,7.69774455470868,7.66155644927811,,
2022-11-06,7.64169967222028,0.000359043854116415,0.00469579322548107,7.67625966057428,7.64169967222028,,
2022-11-07,7.30444758515947,0.000348714196272592,0.00463781919032246,7.35831176036887,7.30444758515947,,
2022-11-08,6.98079431766228,0.000339391410022755,0.00445356011320738,6.97064009737973,6.98079431766228,,
2022-11-09,5.36271780888599,0.000289548413066586,0.00402646592248447,5.32996244340773,5.36271780888599,,
2022-11-10,3.86051966848437,0.000244983393148365,0.00353204412021675,3.85604701228529,3.86051966848437,,
2022-11-11,5.12850740301634,0.000292363240168107,0.00395242138905425,5.0365509452438,5.12850740301634,,
2022-11-12,5.02696142860585,0.00029715704998492,0.00392455078309552,4.8517183066645,5.02696142860585,,
2022-11-13,4.51517637320153,0.000269221336877182,0.0036063590953195,4.37115848547956,4.51517637320153,,
2022-11-14,4.19635478194163,0.00025712173091516,0.00343921913306934,4.0583127669871,4.19635478194163,,
2022-11-15,4.1823106547218,0.00025149980958106,0.00337086173078423,4.05165961033228,4.1823106547218,,
2022-11-16,4.33078497782847,0.000256934584019367,0.00346588019201458,4.18434516128262,4.33078497782847,,
2022-11-17,4.50503340443634,0.00027041655810798,0.00370847671629369,4.33290037251115,4.50503340443634,,
2022-11-18,4.66058552843641,0.000279492383423239,0.00388471945140941,4.49650038123622,4.66058552843641,,
2022-11-19,4.68184274546061,0.000280997286824696,0.00387095905571607,4.53231236808293,4.68184274546061,,
2022-11-20,4.62297045391009,0.000276890831950449,0.00379365414074764,4.47367472112918,4.62297045391009,,
2022-11-21,4.07849132993749,0.000251032825476171,0.00357874480782979,3.94665120992091,4.07849132993749,,
2022-11-22,4.0651528641219,0.000257646620601533,0.00367009642806695,3.96895641132826,4.0651528641219,,
2022-11-23,4.31042695524285,0.000266521761412984,0.00379849097029644,4.18186974358614,4.31042695524285,,
2022-11-24,4.44159181526584,0.000267984510232093,0.00375398645359519,4.26422945266369,4.44159181526584,,
2022-11-25,4.44463863224141,0.000268015322913312,0.00369559202023254,4.26663073385105,4.44463863224141,,
2022-11-26,4.43293297117839,0.000268298551200983,0.00369700101440336,4.2576312545151,4.43293297117839,,
2022-11-27,4.75522991831481,0.00028909560548837,0.0039468405462226,4.57157191217506,4.75522991831481,,
2022-11-28,4.77300434420681,0.000290398137811204,0.00398791656716784,4.6019177789389,4.77300434420681,,
2022-11-29,4.47325636817695,0.000275912654090127,0.00382683833024783,4.32290689545161,4.47325636817695,,
2022-11-30,4.67961850250025,0.000284595756473139,0.00384495290368811,4.53322823685899,4.67961850250025,,
2022-12-01,4.78616029067122,0.000278639373536338,0.00368722260530988,4.59284866314471,4.78616029067122,,
2022-12-02,4.63847348234144,0.000273474068831871,0.00363599100117417,4.40596801802316,4.63847348234144,,
2022-12-03,4.91673855943245,0.000287947709145983,0.00380296058607925,4.66681773405833,4.91673855943245,,
2022-12-04,5.10671977285031,0.000302181575893412,0.00411523182371823,4.8513550693574,5.10671977285031,,
2022-12-05,5.1938663132688,0.000303349653851125,0.00405760195853136,4.92710410555526,5.1938663132688,,
2022-12-06,5.16454092674961,0.00030448875724676,0.00410363082047336,4.91908139981437,5.16454092674961,,
2022-12-07,5.04216283165581,0.000295372611021805,0.00396962669184979,4.812816179185,5.04216283165581,,
2022-12-08,4.81578219262591,0.000285832752431898,0.00390716206469354,4.58179064920398,4.81578219262591,,
2022-12-09,4.91910863495249,0.000285472599816128,0.00383815681658129,4.65748904408516,4.91910863495249,,
2022-12-10,4.80516998048245,0.000280411309462623,0.00380394014857208,4.55885462484362,4.80516998048245,,
2022-12-11,4.78134235360613,0.00027921527749058,0.00377443175189697,4.53504115325551,4.78134235360613,,
2022-12-12,4.67002927619039,0.000273191221905082,0.00369736476126063,4.43483514042578,4.67002927619039,,
2022-12-13,4.51928328156304,0.000262817406421814,0.00354514696546041,4.28292370392432,4.51928328156304,,
2022-12-14,4.62596549144493,0.000260252443777674,0.00350345259855557,4.35158991693802,4.62596549144493,,
2022-12-15,4.69731582031402,0.000263750061386163,0.00359081336025085,4.39900980294084,4.69731582031402,,
2022-12-16,4.64744087080179,0.000267955850942684,0.00367639965983534,4.36638035470698,4.64744087080179,,
2022-12-17,4.0307569226218,0.000242727338319081,0.00346121941372943,3.80733536285547,4.0307569226218,,
2022-12-18,4.08526497927563,0.000243541857964029,0.00344143000566403,3.85850389320425,4.08526497927563,,
2022-12-19,4.06820479323847,0.000242499802177633,0.00342614262638061,3.84031079322539,4.06820479323847,,
2022-12-20,3.79573933225556,0.000231107462739327,0.00325218607140128,3.57508739139535,3.79573933225556,,
2022-12-21,3.90608354190427,0.000231104357397011,0.00320752204229865,3.67619229480139,3.90608354190427,,
2022-12-22,3.75908824071445,0.00022374815413612,0.0031005935638563,3.54133480682195,3.75908824071445,,
2022-12-23,3.70985125267989,0.00022063769140719,0.00304874330732892,3.49900438914835,3.70985125267989,,
2022-12-24,3.74770819526252,0.000223336873337443,0.003072225248154,3.5271370371279,3.74770819526252,,
2022-12-25,3.70072791916863,0.000219789355033703,0.00303194044764776,3.48012975989326,3.70072791916863,,
2022-12-26,3.57240432931319,0.000212329183946279,0.00293353235447275,3.36320716193775,3.57240432931319,,
2022-12-27,3.64119408490501,0.000215711339452936,0.00297391355374735,3.4191815477437,3.64119408490501,,
2022-12-28,3.59066031932045,0.00021502361807137,0.00296362882683913,3.37456110089585,3.59066031932045,,
2022-12-29,3.23005996643043,0.000195331549338072,0.00271865871605395,3.03796433488176,3.23005996643043,,
2022-12-30,3.20389042016747,0.00019265039979473,0.00266786117019061,3.00512648907018,3.20389042016747,,
2022-12-31,3.37816452677223,0.000203581286935924,0.00281846451357674,3.15579290493464,3.37816452677223,,
2023-01-01,3.44683895531973,0.000208593168918876,0.00288358563723244,3.216147374037,3.44683895531973,,
2023-01-02,3.52378489674145,0.000212189890447231,0.00293647292895324,3.28491189795537,3.52378489674145,,
2023-01-03,3.76336616796401,0.000225503593560123,0.00309783434905555,3.52254555206126,3.76336616796401,,
2023-01-04,3.8048470121158,0.000228244112162167,0.00313355819476077,3.60553916735775,3.8048470121158,,
2023-01-05,3.81213561831653,0.000226261443362311,0.00303532804068635,3.59355804423983,3.81213561831653,,
2023-01-06,3.69822145836633,0.000219807749169099,0.00295822666852833,3.51415795812061,3.69822145836633,,
2023-01-07,3.86430550542966,0.000227876924758157,0.00304455280560418,3.62921516765663,3.86430550542966,,
2023-01-08,3.82685911671346,0.000225871628866897,0.00302876652701536,3.59434517025299,3.82685911671346,,
2023-01-09,3.89173726475652,0.000228130753622263,0.00302943795840398,3.65139766301103,3.89173726475652,,
2023-01-10,5.17544378568943,0.000301207510407675,0.00391894548460405,4.82191824432222,5.17544378568943,,
2023-01-11,5.52499085521797,0.000316910514466408,0.0041365360653248,5.14666059620607,5.52499085521797,,
2023-01-12,5.26918905348231,0.000295462291764658,0.00381683103527378,4.89358431279731,5.26918905348231,,
2023-01-13,6.51293078196602,0.000345152770538225,0.00459581229045897,5.99953739219706,6.51293078196602,,
2023-01-14,6.82657492255034,0.000343583949649643,0.00470835920978378,6.3014760052994,6.82657492255034,,
2023-01-15,7.76688339041123,0.000369659319293044,0.00500578685367282,7.1654821887906,7.76688339041123,,
2023-01-16,7.97934324203616,0.000382225520773783,0.00514027081613081,7.36688693111996,7.97934324203616,,
2023-01-17,8.14311893883544,0.000384464615636806,0.00516056226557553,7.51999094532195,8.14311893883544,,
2023-01-18,7.69460699298666,0.000363325064445244,0.00490043016464277,7.13243211897881,7.69460699298666,,
2023-01-19,7.7906851606589,0.000376185892184766,0.00512552407771043,7.21303997523709,7.7906851606589,,
2023-01-20,7.89529697354313,0.000374684860968367,0.00509267302467812,7.2856434328485,7.89529697354313,,
2023-01-21,10.9234796601743,0.00048204475119061,0.00658805820801636,10.0625663568687,10.9234796601743,,
2023-01-22,11.9028989873826,0.000521984335770001,0.00731079856485613,10.9648310686009,11.9028989873826,,
2023-01-23,13.3565393140638,0.000587972192733347,0.00820291769066207,12.2921093652641,13.3565393140638,,
2023-01-24,12.870087804234,0.000561301139666422,0.00790577228683848,11.8424342901994,12.870087804234,,
2023-01-25,12.2294964397207,0.000540861873241139,0.00787099531646754,11.2346351498189,12.2294964397207,,
2023-01-26,18.2497908624044,0.000789723662458536,0.0113512651047911,16.7099326060929,18.2497908624044,,
2023-01-27,18.2017701685603,0.000791082438096023,0.0113623645412551,16.6998892983707,18.2017701685603,,
2023-01-28,17.7428734770808,0.000769072027089628,0.0111030411827613,16.3260104151843,17.7428734770808,,
2023-01-29,17.8684118978437,0.00077659002414169,0.0113797955589319,16.4444377053449,17.8684118978437,,
2023-01-30,18.4417265861251,0.000775677367127336,0.0112019449489613,16.9645218771125,18.4417265861251,,
2023-01-31,17.1972983070039,0.000754286417361523,0.0109817535671911,15.8507826252644,17.1972983070039,,
2023-02-01,16.7505541408419,0.000724190079801606,0.0105693660423329,15.4211588844164,16.7505541408419,,
2023-02-02,18.1280762573553,0.000764020797445165,0.0110408995387862,16.4655693381266,18.1280762573553,,
2023-02-03,17.2295410219951,0.000732997135662804,0.0104653748764035,15.7928222160032,17.2295410219951,,
2023-02-04,17.0658578784649,0.000727885091864864,0.0102460399167016,15.8057010246698,17.0658578784649,,
2023-02-05,16.5396574959544,0.000708168963469708,0.00989778143302221,15.3255870979206,16.5396574959544,,
2023-02-06,15.4308160666327,0.000672155103178442,0.00946025140123351,14.3022651859795,15.4308160666327,,
2023-02-07,14.9367657961041,0.000656700699763315,0.00925292619913418,13.9250355634046,14.9367657961041,,
2023-02-08,16.0570841406371,0.000690144345879739,0.00959937225427247,14.9651416829876,16.0570841406371,,
2023-02-09,15.1081650487926,0.000658664300453067,0.00915517085618838,14.1034160916245,15.1081650487926,,
2023-02-10,13.2962476600831,0.000609410872694266,0.00860250857634215,12.3830155412587,13.2962476600831,,
2023-02-11,13.6362639131061,0.000630707975859067,0.00900529240979201,12.775327390546,13.6362639131061,,
2023-02-12,13.9302317073719,0.000637105841267515,0.00904453933298866,13.053294003049,13.9302317073719,,
2023-02-13,13.0912760370674,0.000601285755344099,0.0086481074466248,12.2632637380196,13.0912760370674,,
2023-02-14,13.7736295501076,0.00063185509316368,0.00914448383294117,12.8360034794722,13.7736295501076,,
2023-02-15,14.7207901583591,0.000662429809240899,0.00945199552449799,13.7072610984297,14.7207901583591,,
2023-02-16,15.9587488250981,0.00065661398667072,0.00953989498230228,14.9151320348412,15.9587488250981,,
2023-02-17,14.6849637628869,0.000618510915392368,0.0089330259894931,13.7627992816138,14.6849637628869,,
2023-02-18,14.7375928163053,0.000598910546536982,0.00868938369699439,13.7777508846217,14.7375928163053,,
2023-02-19,14.4353096007464,0.000585931199946291,0.00853687312570605,13.4934347876561,14.4353096007464,,
2023-02-20,14.1221353453311,0.00057956008946855,0.00839001525691255,13.210436177347,14.1221353453311,,
2023-02-21,14.2036358727135,0.000572777069849407,0.00835073325606808,13.2825223029248,14.2036358727135,,
2023-02-22,13.4252246182631,0.000550205343192533,0.00811145414160527,12.6085770895041,13.4252246182631,,
2023-02-23,13.8748371123493,0.000574200752751396,0.00845026433060862,13.0837081200118,13.8748371123493,,
2023-02-24,13.4487972105076,0.000562475030029696,0.0081537863665368,12.6907960766234,13.4487972105076,13.4463445,binance-apt-usdt-spot
2023-02-25,12.8266289178978,0.000553448662932988,0.00797527609789636,12.1668911872151,12.8266289178978,12.84598447,binance-apt-usdt-spot
2023-02-26,12.2248445801544,0.000527847236590534,0.00766975000936486,11.6083971111157,12.2248445801544,12.250657486000001,binance-apt-usdt-spot
2023-02-27,12.6565314495262,0.000537612760536172,0.00771467585309624,11.9998577422075,12.6565314495262,12.63666354,binance-apt-usdt-spot
2023-02-28,12.387378601145,0.000527028538653601,0.00758273520514191,11.690733034352,12.387378601145,12.37763764,binance-apt-usdt-spot
2023-03-01,11.9034673756643,0.000514278645908591,0.00740881525478492,11.2671543450473,11.9034673756643,11.887188599999998,binance-apt-usdt-spot
2023-03-02,13.3140860984968,0.000563901500910142,0.00801228995482208,12.4790925554331,13.3140860984968,13.450979445000002,binance-apt-usdt-spot
2023-03-03,12.8486508238302,0.000547449376819337,0.00779719756437486,12.1325825539941,12.8486508238302,12.847627728,binance-apt-usdt-spot
2023-03-04,11.7406319210825,0.000525305654084096,0.00748207008607799,11.0520059478168,11.7406319210825,11.738921667,binance-apt-usdt-spot
2023-03-05,11.2663142705594,0.000504440331868572,0.00719486332742637,10.6096404293458,11.2663142705594,11.266613903999998,binance-apt-usdt-spot
2023-03-06,11.1440071866851,0.000497060574470524,0.00712700989805573,10.4983989163899,11.1440071866851,11.156488434,binance-apt-usdt-spot
2023-03-07,11.288171987801,0.00050360568390597,0.0072012199599553,10.5648490165881,11.288171987801,11.29237065,binance-apt-usdt-spot
2023-03-08,11.0969243029767,0.000500432929826296,0.00711328583072585,10.5141760571795,11.0969243029767,11.12668722,binance-apt-usdt-spot
2023-03-09,10.5348795795311,0.00048544734645615,0.00686656885949863,9.98633933010405,10.5348795795311,10.514812178,binance-apt-usdt-spot
2023-03-10,10.9930703831957,0.000540204951729944,0.00765177719106956,10.39825046466,10.9930703831957,11.118111180000001,binance-apt-usdt-spot
2023-03-11,10.8444562028522,0.000535782524850802,0.00756159544326779,10.1717127920416,10.8444562028522,10.82906955,binance-apt-usdt-spot
2023-03-12,10.4755087662133,0.000508884601397593,0.00709124375532133,9.68909880041092,10.4755087662133,10.507590210000002,binance-apt-usdt-spot
2023-03-13,11.8578971474747,0.000537383661553173,0.00747425003905843,10.9731177810429,11.8578971474747,11.976696270000001,binance-apt-usdt-spot
2023-03-14,12.3416998526452,0.000510949764296549,0.00735550313179969,11.3302929945424,12.3416998526452,12.365696349999999,binance-apt-usdt-spot
2023-03-15,13.6829826066132,0.000552423307400795,0.00801630931477613,12.6750487322051,13.6829826066132,13.624519149000001,binance-apt-usdt-spot
2023-03-16,12.2705824595092,0.000502690787259439,0.00741231260942925,11.5543041526727,12.2705824595092,12.28709466,binance-apt-usdt-spot
2023-03-17,12.3907222199772,0.000494773151976877,0.00738748650762615,11.6660499275819,12.3907222199772,12.37448328,binance-apt-usdt-spot
2023-03-18,13.5051468372706,0.000491979516567923,0.0075404760500665,12.6297343106899,13.5051468372706,13.546546159999998,binance-apt-usdt-spot
2023-03-19,12.808351733549,0.000474634145148805,0.00725946722718144,11.9792295426213,12.808351733549,12.819659666,binance-apt-usdt-spot
2023-03-20,13.1438815454849,0.000466339764320111,0.00729506196402956,12.303474916075,13.1438815454849,13.051014272000002,binance-apt-usdt-spot
2023-03-21,12.1199117759756,0.000435430244447484,0.00697598126313675,11.3115445283401,12.1199117759756,12.147601017000001,binance-apt-usdt-spot
2023-03-22,12.2646377235286,0.000435336206408705,0.00679447212435553,11.3905817618432,12.2646377235286,12.297393,binance-apt-usdt-spot
2023-03-23,13.0158886768023,0.000476047820357696,0.00748784380951684,11.9856275516058,13.0158886768023,13.148300352,binance-apt-usdt-spot
2023-03-24,13.2335559810035,0.000466169063560206,0.00727421856998925,12.2131339763139,13.2335559810035,13.296710310000002,binance-apt-usdt-spot
2023-03-25,12.2105435814141,0.000444599768086907,0.00697293895094332,11.3828290031587,12.2105435814141,12.220600477000001,binance-apt-usdt-spot
2023-03-26,11.583272055107,0.000421379135932728,0.00664761734977218,10.7906236277209,11.583272055107,11.599456337,binance-apt-usdt-spot
2023-03-27,11.8959987979093,0.000424108976369599,0.00668867164134347,11.0426125683226,11.8959987979093,11.867879129999999,okex-apt-usdt-spot
2023-03-28,11.0992979207894,0.000408738700217571,0.00647237290273685,10.2815442003472,11.0992979207894,11.135653798000002,binance-apt-usdt-spot
2023-03-29,11.2481835445289,0.000412263547579015,0.00633728877084716,10.3781009468279,11.2481835445289,11.272243905000002,binance-apt-usdt-spot
2023-03-30,11.659114832272,0.000410687061982471,0.00649623749994033,10.7461338337133,11.659114832272,11.633893724000002,binance-apt-usdt-spot
2023-03-31,11.1297505218795,0.000397185281501094,0.00621150330977941,10.2144473728393,11.1297505218795,11.160223199999999,binance-apt-usdt-spot
2023-04-01,11.3928381378882,0.00039954288864486,0.00624606702198057,10.5125472649469,11.3928381378882,11.388012006,binance-apt-usdt-spot
2023-04-02,11.2650518435505,0.000395340384520053,0.00618138345222687,10.3975769288638,11.2650518435505,11.272819962,binance-apt-usdt-spot
2023-04-03,12.2119645030442,0.000433632744641591,0.00680424838947695,11.3030839627538,12.2119645030442,12.161910323999999,binance-apt-usdt-spot
2023-04-04,11.3521278004629,0.000407602455046523,0.00626778923529561,10.413993084089,11.3521278004629,11.341448009999999,binance-apt-usdt-spot
2023-04-05,11.4746077620076,0.000408146286278905,0.00614209506083426,10.4768727373282,11.4746077620076,11.473631541,binance-apt-usdt-spot
2023-04-06,11.5567762434859,0.000409955604778568,0.00604710492242994,10.5988981984596,11.5567762434859,11.5456,binance-apt-usdt-spot
2023-04-07,11.4458415881616,0.000408064857819841,0.00611394432449788,10.4974435064895,11.4458415881616,11.46861687,binance-apt-usdt-spot
2023-04-08,11.1580974524936,0.000399404933659034,0.00597859066547872,10.2353493420228,11.1580974524936,11.164440672,binance-apt-usdt-spot
2023-04-09,11.0453116544451,0.000394982527951948,0.0059647960126801,10.1459509060325,11.0453116544451,11.031123005,binance-apt-usdt-spot
2023-04-10,11.0830623698826,0.000390829314277993,0.00595500876361848,10.1646677619776,11.0830623698826,11.07654194,binance-apt-usdt-spot
2023-04-11,11.4109069570625,0.000384366548286289,0.00596768553186783,10.4913667334186,11.4109069570625,11.457828319999999,binance-apt-usdt-spot
2023-04-12,11.7755879823761,0.000389313010868083,0.00622479418341861,10.7830670761072,11.7755879823761,11.75050422,binance-apt-usdt-spot
2023-04-13,11.380638763646,0.000380457908414741,0.00592192756803302,10.3512369714586,11.380638763646,11.35874168,binance-apt-usdt-spot
2023-04-14,12.4096548288676,0.000408604508609433,0.00617130784406664,11.2388256428434,12.4096548288676,12.381463344,binance-apt-usdt-spot
2023-04-15,12.7120372764004,0.000417349544619597,0.00604692699526927,11.5600206132897,12.7120372764004,12.685519637999999,binance-apt-usdt-spot
2023-04-16,12.6036727860365,0.000415386205036444,0.00601754291836543,11.4691455046736,12.6036727860365,12.570401256,binance-apt-usdt-spot
2023-04-17,12.6019968376265,0.000415730069078877,0.00594611247831471,11.473016969601,12.6019968376265,12.601247127,binance-apt-usdt-spot
2023-04-18,12.3132617081517,0.000417830624496356,0.00592956878577785,11.2679082619858,12.3132617081517,12.314853473,binance-apt-usdt-spot
2023-04-19,12.6853383196096,0.00041773608293615,0.00603591352455396,11.5568042045196,12.6853383196096,12.71783925,binance-apt-usdt-spot
2023-04-20,11.3154596610667,0.000392942327911539,0.00584392690955151,10.3431076237958,11.3154596610667,11.316050746,binance-apt-usdt-spot
2023-04-21,11.0346255172244,0.000390588565599099,0.0056791671503635,10.0655617435657,11.0346255172244,11.035962117999999,binance-apt-usdt-spot
2023-04-22,10.1743626516875,0.000372796232732955,0.00550087172512338,9.25232646803098,10.1743626516875,10.146164336,binance-apt-usdt-spot
2023-04-23,10.3314169877671,0.00037126580966546,0.00550845439040539,9.4230539726419,10.3314169877671,10.329226272000001,binance-apt-usdt-spot
2023-04-24,10.1870864680389,0.000369034685819808,0.00546864494948439,9.27348288411063,10.1870864680389,10.2165108,binance-apt-usdt-spot
2023-04-25,10.2366528229011,0.000371968697339973,0.0055547409652233,9.26469203848167,10.2366528229011,10.223019988999999,binance-apt-usdt-spot
2023-04-26,10.3721316700276,0.000366471530594806,0.00555236761280908,9.45430023030412,10.3721316700276,10.368840447,binance-apt-usdt-spot
2023-04-27,10.0350743958476,0.000353543956270572,0.00537526935386036,9.09134905249681,10.0350743958476,10.025208307,binance-apt-usdt-spot
2023-04-28,10.1747294466126,0.000345309317279837,0.00532885430674274,9.22827319743351,10.1747294466126,10.180056576000002,binance-apt-usdt-spot
2023-04-29,10.1744754120087,0.000346650561194467,0.00537213472162306,9.23330381772158,10.1744754120087,10.162380171999999,binance-apt-usdt-spot
2023-04-30,10.76817269403,0.000368501526203583,0.00565006620716252,9.76956141779214,10.76817269403,10.738510199999999,binance-apt-usdt-spot
2023-05-01,10.4566520858066,0.000356127687991902,0.00554567046368138,9.49954708679023,10.4566520858066,10.322655624000001,binance-apt-usdt-spot
2023-05-02,9.92509812326839,0.000353018482980992,0.00541829997546439,9.04888460615493,9.92509812326839,9.927987471,binance-apt-usdt-spot
2023-05-03,9.9433048861992,0.000346570356578596,0.0053107097013297,9.02817139049947,9.9433048861992,9.933267201999998,binance-apt-usdt-spot
2023-05-04,10.0168470144809,0.000344872861527051,0.00525792142436634,9.05452352150987,10.0168470144809,10.024005564,binance-apt-usdt-spot
2023-05-05,9.66791374092439,0.000335041637866474,0.00515060170917075,8.77423464515503,9.66791374092439,9.682748754,binance-apt-usdt-spot
2023-05-06,9.86460713837193,0.000333794109267798,0.00494319059689874,8.94551522740771,9.86460713837193,9.845528712,binance-apt-usdt-spot
2023-05-07,9.22000436674747,0.000319037221536847,0.00485180448865209,8.36774681826836,9.22000436674747,9.227828532,binance-apt-usdt-spot
2023-05-08,9.27035202117007,0.000322315427572733,0.00487839499800423,8.42068011249631,9.27035202117007,9.21570014,binance-apt-usdt-spot
2023-05-09,8.31212437638948,0.00029978139777276,0.00449243730200384,7.558265675809,8.31212437638948,8.314094976000002,binance-apt-usdt-spot
2023-05-10,8.35849682735723,0.000302379255335651,0.00452245755068026,7.62642638468825,8.35849682735723,8.353491895000001,binance-apt-usdt-spot
2023-05-11,8.62669920742036,0.00031204144099547,0.00468215844661386,7.85637187355611,8.62669920742036,8.606407766,binance-apt-usdt-spot
2023-05-12,8.0743809455286,0.000299203284731546,0.00449677870399826,7.40061258029969,8.0743809455286,8.065166531,binance-apt-usdt-spot
2023-05-13,8.28671741108727,0.000309513720061508,0.00458370563778864,7.63722428255997,8.28671741108727,8.298664354000001,binance-apt-usdt-spot
2023-05-14,8.30575064632668,0.000309438076070847,0.00461537457809934,7.66403509827782,8.30575064632668,8.290960581,binance-apt-usdt-spot
2023-05-15,8.4846084321086,0.000315198973798954,0.00471391094895799,7.82650931466147,8.4846084321086,8.478157952999998,binance-apt-usdt-spot
2023-05-16,8.60580113492318,0.000316022352972154,0.00473025386482603,7.9193589940468,8.60580113492318,8.58856076,binance-apt-usdt-spot
2023-05-17,8.53039740849946,0.000315639989644357,0.00467601828065843,7.85098298414531,8.53039740849946,8.538809900999999,binance-apt-usdt-spot
2023-05-18,8.72511757980689,0.000318422814851839,0.00478826004475421,8.04842597222208,8.72511757980689,8.716810134000001,binance-apt-usdt-spot
2023-05-19,8.53810043550505,0.000318072706425597,0.00473338213578521,7.92049568487164,8.53810043550505,8.525629484,binance-apt-usdt-spot
2023-05-20,8.43748275562628,0.000313783507172719,0.00465346251306824,7.8118067328474,8.43748275562628,8.43777156,binance-apt-usdt-spot
2023-05-21,8.44604852079186,0.00031165243665292,0.00464241557238337,7.81814301865743,8.44604852079186,8.455173782,binance-apt-usdt-spot
2023-05-22,8.17514986707577,0.000305303806008981,0.00452545113215123,7.55891606478966,8.17514986707577,8.164248539999999,binance-apt-usdt-spot
2023-05-23,8.1078980882057,0.000301871903692822,0.00445928607989377,7.49707245375685,8.1078980882057,8.107202155,binance-apt-usdt-spot
2023-05-24,8.51133330336659,0.000312608012544991,0.00458940139222767,7.89843704310483,8.51133330336659,8.505904545,binance-apt-usdt-spot
2023-05-25,8.09010005847295,0.000307124550963422,0.00449165307362851,7.52013057293843,8.09010005847295,8.077534533,binance-apt-usdt-spot
2023-05-26,7.98257087634742,0.000301401560478749,0.00441773317377293,7.44158399603173,7.98257087634742,7.969542093,binance-apt-usdt-spot
2023-05-27,8.07610784484721,0.000302245203629601,0.00441501842900697,7.53004671623676,8.07610784484721,8.067700212000002,binance-apt-usdt-spot
2023-05-28,8.23039900677595,0.000306480725169787,0.00449558475450656,7.67388976816781,8.23039900677595,8.235245914,binance-apt-usdt-spot
2023-05-29,8.52961214365269,0.000303571696073042,0.00446275894224517,7.94759094156025,8.52961214365269,8.514972882,binance-apt-usdt-spot
2023-05-30,8.53822633152498,0.000307516798954372,0.0045059971818567,7.97180628421442,8.53822633152498,8.506836302000002,binance-apt-usdt-spot
2023-05-31,8.49938012212545,0.000306698518833057,0.00447139816441274,7.91995243783915,8.49938012212545,8.49034895,binance-apt-usdt-spot
2023-06-01,8.34892491919479,0.000306746347220045,0.00445765157897084,7.81065935893512,8.34892491919479,8.3532878,binance-apt-usdt-spot
2023-06-02,8.55347609095476,0.000318857695608782,0.00459400659351165,7.95381993322242,8.55347609095476,8.549001528,binance-apt-usdt-spot
2023-06-03,9.05864185938138,0.000332363459271883,0.00475032502840748,8.46302890413023,9.05864185938138,9.04439328,binance-apt-usdt-spot
2023-06-04,8.98649892483708,0.000331857283244143,0.00475000721584936,8.39448001996321,8.98649892483708,8.975971392000002,binance-apt-usdt-spot
2023-06-05,9.20946879640975,0.000339103854145895,0.00486679343650253,8.61079237647958,9.20946879640975,9.180653369999998,binance-apt-usdt-spot
2023-06-06,8.12244906975672,0.000314996348859274,0.00448075084464956,7.5878109940795,8.12244906975672,8.114941545999999,binance-apt-usdt-spot
2023-06-07,8.2419525780332,0.000302859633962481,0.00437667634496972,7.70277888829328,8.2419525780332,8.235205212000002,binance-apt-usdt-spot
2023-06-08,7.69375596448244,0.000292098668545406,0.00419989513184739,7.18375427949481,7.69375596448244,7.699946901,binance-apt-usdt-spot
2023-06-09,7.68158536165763,0.000289634043638348,0.00415842239116227,7.12270459398176,7.68158536165763,7.6803589909999985,binance-apt-usdt-spot
2023-06-10,7.40579819920934,0.000279773654353204,0.00402834514881835,6.88926345834683,7.40579819920934,7.442651144,binance-apt-usdt-spot
2023-06-11,6.01537697769575,0.000232584280222368,0.00343167069067419,5.61367583815008,6.01537697769575,6.0117641399999995,binance-apt-usdt-spot
2023-06-12,6.25593199778378,0.000241478113845502,0.0035710764469192,5.82731360614234,6.25593199778378,6.246610391,binance-apt-usdt-spot
2023-06-13,6.26284237856392,0.000241745564792389,0.00359426774489223,5.81918969266487,6.26284237856392,6.253625069999999,binance-apt-usdt-spot
2023-06-14,6.25316798615173,0.000241613609152743,0.00360013787588536,5.7951122926238,6.25316798615173,6.255885988,binance-apt-usdt-spot
2023-06-15,6.0288244377512,0.000240215317392683,0.00365349090073867,5.56428785178868,6.0288244377512,6.021236448,binance-apt-usdt-spot
2023-06-16,6.20683130278457,0.000242841914645069,0.00373041740868096,5.67083798433342,6.20683130278457,6.218775,binance-apt-usdt-spot
2023-06-17,6.29088560045823,0.000238908118690918,0.00366469313147458,5.75648118570391,6.29088560045823,6.29239224,binance-apt-usdt-spot
2023-06-18,6.97979668593336,0.00026324777772337,0.00404022444252872,6.38445612966688,6.97979668593336,6.9926419200000005,binance-apt-usdt-spot
2023-06-19,6.72025883282549,0.000254999937340631,0.00390685684145361,6.14488637204083,6.72025883282549,6.728115600000001,binance-apt-usdt-spot
2023-06-20,6.92946208226923,0.000258773831699718,0.00399396429080036,6.34495230761847,6.92946208226923,6.936840672,binance-apt-usdt-spot
2023-06-21,7.21082288198293,0.000254750601315105,0.00402884426870178,6.59897453583591,7.21082288198293,7.216915234,binance-apt-usdt-spot
2023-06-22,7.47993823030359,0.000248506932523216,0.0039486320944203,6.79434031188736,7.47993823030359,7.4543236230000005,binance-apt-usdt-spot
2023-06-23,7.36401652211442,0.000245856397536543,0.00392881485698726,6.71723335171416,7.36401652211442,7.356920701,binance-apt-usdt-spot
2023-06-24,7.65046411102057,0.000249702192547097,0.00404448985837201,7.0215060302811,7.65046411102057,7.669175345,binance-apt-usdt-spot
2023-06-25,7.33863827509328,0.000240225027414516,0.00391163181934104,6.73373258429554,7.33863827509328,7.347559114,binance-apt-usdt-spot
2023-06-26,7.56418710572847,0.000248271171248165,0.00398156828438552,6.92788160640582,7.56418710572847,7.54421494,binance-apt-usdt-spot
2023-06-27,7.26325178673526,0.000240060785426035,0.00391008591671294,6.65884617445192,7.26325178673526,7.2849566999999995,binance-apt-usdt-spot
2023-06-28,7.41631457089783,0.000241833114431636,0.00392616954535552,6.77065907603209,7.41631457089783,7.433071635,binance-apt-usdt-spot
2023-06-29,6.94089577535817,0.000230563572896096,0.00379352623014578,6.36092526818885,6.94089577535817,6.921707759999999,binance-apt-usdt-spot
2023-06-30,7.16716522222419,0.000235291485267014,0.00386750497529506,6.59578580268533,7.16716522222419,7.146399364,binance-apt-usdt-spot
2023-07-01,7.25932495768718,0.000238131646637315,0.0037523308352018,6.64704016955053,7.25932495768718,7.2399792849999995,binance-apt-usdt-spot
2023-07-02,7.34260375723073,0.000240098045778635,0.00381803847378335,6.7255052451155,7.34260375723073,7.388561070000001,binance-apt-usdt-spot
2023-07-03,7.32712667425615,0.000239493849452067,0.00378545980326732,6.71237328774372,7.32712667425615,7.328140408,binance-apt-usdt-spot
2023-07-04,7.48285784211255,0.000240333126678688,0.00382910817919066,6.85483460028525,7.48285784211255,7.514476241999999,binance-apt-usdt-spot
2023-07-05,7.73308668152783,0.000251074671234644,0.00398945726044896,7.10729190311426,7.73308668152783,7.674902133000001,binance-apt-usdt-spot
2023-07-06,7.42614388086352,0.000243497514334821,0.00388367020882777,6.84387165899802,7.42614388086352,7.434325656,binance-apt-usdt-spot
2023-07-07,7.13406348001627,0.000237962901112044,0.00384715154567118,6.5551748146793,7.13406348001627,7.1068842640000005,binance-apt-usdt-spot
2023-07-08,7.21919687371193,0.000238022575912659,0.00386192180521032,6.59008456022513,7.21919687371193,7.22551143,binance-apt-usdt-spot
2023-07-09,7.06369728258408,0.00023340556641868,0.00378942214777758,6.44745653483677,7.06369728258408,7.058840924999999,binance-apt-usdt-spot
2023-07-10,7.08560644808957,0.000234908812783647,0.0038040812164614,6.4716191531021,7.08560644808957,7.093192908000001,binance-apt-usdt-spot
2023-07-11,7.08940789246268,0.000233245212259451,0.00377028224854711,6.4449660801647,7.08940789246268,7.093163815000001,binance-apt-usdt-spot
2023-07-12,7.0432350828416,0.000230048936474633,0.00374965870614457,6.40018176585807,7.0432350828416,7.04342258,binance-apt-usdt-spot
2023-07-13,6.97754053398431,0.000229633066867491,0.00372813414410228,6.26865137791902,6.97754053398431,6.981990534,binance-apt-usdt-spot
2023-07-14,7.55586650087318,0.0002403667913149,0.00377412468603562,6.73124772519696,7.55586650087318,7.573403823,binance-apt-usdt-spot
2023-07-15,7.3508547258395,0.000242517048809693,0.00379862188401028,6.55705569507845,7.3508547258395,7.375033024,binance-apt-usdt-spot
2023-07-16,7.43484539501325,0.000245448227132409,0.00385081934395283,6.63251233495337,7.43484539501325,7.4636892480000006,binance-apt-usdt-spot
2023-07-17,7.41584587099756,0.000245153769563147,0.00385329574845029,6.61670800036862,7.41584587099756,7.413905099999999,binance-apt-usdt-spot
2023-07-18,7.84592597403133,0.000260283705369905,0.00410290323485072,6.98380313194898,7.84592597403133,7.815387371999999,binance-apt-usdt-spot
2023-07-19,7.58988779946082,0.000254389062079039,0.00400015364010123,6.7650546491898,7.58988779946082,7.5953759530000005,binance-apt-usdt-spot
2023-07-20,7.55964148467663,0.000252720691283131,0.00400083454063754,6.74984553776795,7.55964148467663,7.54655458,binance-apt-usdt-spot
2023-07-21,7.41988539412464,0.000248942606704537,0.00392176336334809,6.66226378284961,7.41988539412464,7.430505512,binance-apt-usdt-spot
2023-07-22,7.53688814338764,0.00025190392225693,0.00398332431811728,6.77823681513214,7.53688814338764,7.550152981999999,binance-apt-usdt-spot
2023-07-23,7.65350742458886,0.000257468376031429,0.00411194991320613,6.88515762110443,7.65350742458886,7.665172974000001,binance-apt-usdt-spot
2023-07-24,7.58364007307523,0.000252228287282214,0.00401681843726085,6.82162913808694,7.58364007307523,7.5719456560000005,binance-apt-usdt-spot
2023-07-25,7.05109084852926,0.000241654805821667,0.00381155651952782,6.37358015136376,7.05109084852926,7.051953664,binance-apt-usdt-spot
2023-07-26,6.9672069174883,0.000238429422434642,0.00375074362320654,6.30582290546514,6.9672069174883,6.973863036,binance-apt-usdt-spot
2023-07-27,7.01434079192346,0.000238895113375577,0.00374864266500258,6.3329140212356,7.01434079192346,7.021080832000001,binance-apt-usdt-spot
2023-07-28,7.06402937404357,0.000241904842372789,0.00379982288493676,6.43147900229026,7.06402937404357,7.0756722210000005,binance-apt-usdt-spot
2023-07-29,7.07086259051033,0.0002411920821147,0.00377109600368547,6.41270101556771,7.07086259051033,7.068958618,binance-apt-usdt-spot
2023-07-30,7.13694373196742,0.000243080800069561,0.00379422288125672,6.47865282919566,7.13694373196742,7.1373,binance-apt-usdt-spot
2023-07-31,7.02633938946023,0.000240111355347478,0.00377454406573921,6.37170732422035,7.02633938946023,7.017338568,binance-apt-usdt-spot
2023-08-01,7.04457914268294,0.00024108906547578,0.00379519207067177,6.40131988859356,7.04457914268294,7.032955944,binance-apt-usdt-spot
2023-08-02,7.04088855813585,0.000238677525539268,0.00377125165174364,6.39279504350812,7.04088855813585,7.0658653000000005,binance-apt-usdt-spot
2023-08-03,6.86027055093709,0.000235399059095591,0.00373186579369716,6.25416274479943,6.86027055093709,6.857688888,binance-apt-usdt-spot
2023-08-04,6.77036478988186,0.000231922609229884,0.00368773072960195,6.18501893434109,6.77036478988186,6.764052174000001,binance-apt-usdt-spot
2023-08-05,6.6932478809783,0.000230346888772962,0.00366497546879653,6.09621883240641,6.6932478809783,6.692518671,binance-apt-usdt-spot
2023-08-06,6.71426327907606,0.000231103196333166,0.0036582406712415,6.12078563835127,6.71426327907606,6.713917508,binance-apt-usdt-spot
2023-08-07,6.69773086581452,0.00023057425212024,0.00366608784506382,6.1007094646041,6.69773086581452,6.7010526,binance-apt-usdt-spot
2023-08-08,6.65627395194416,0.00022823316796089,0.00364554364663326,6.0467421575548,6.65627395194416,6.6645936919999995,binance-apt-usdt-spot
2023-08-09,6.70199397920588,0.000225053859775883,0.00360962334291096,6.11717868149053,6.70199397920588,6.70151952,binance-apt-usdt-spot
2023-08-10,7.37972367783033,0.00024945872927873,0.00397759025123371,6.72480594139786,7.37972367783033,7.404065232,binance-apt-usdt-spot
2023-08-11,7.14737662787614,0.000242858912398337,0.00386158791966003,6.51877671397331,7.14737662787614,7.153236004,binance-apt-usdt-spot
2023-08-12,7.09388091089062,0.000241290233031171,0.0038416207786469,6.47741956648237,7.09388091089062,7.088033848,binance-apt-usdt-spot
2023-08-13,7.18616544468862,0.000244296656632953,0.00388734206145225,6.57793839635982,7.18616544468862,7.195452177,binance-apt-usdt-spot
2023-08-14,7.05687943884018,0.000240963296417906,0.00383743591100816,6.44704333660991,7.05687943884018,7.049262059999999,binance-apt-usdt-spot
2023-08-15,7.0702430826343,0.000240411094671875,0.00383451667159086,6.48705903042058,7.0702430826343,7.067779225,binance-apt-usdt-spot
2023-08-16,6.52344084442195,0.000223653693377345,0.00357033597351576,5.98186150459422,6.52344084442195,6.521618320000001,binance-apt-usdt-spot
2023-08-17,6.17911224914632,0.000214893559593844,0.00341965215793068,5.67831066590398,6.17911224914632,6.176003706,binance-apt-usdt-spot
2023-08-18,5.69779836709666,0.00021371635796113,0.00337367659267476,5.24216009037835,5.69779836709666,5.682002702570758,binance-apt-usdt-spot
2023-08-19,5.83129281266696,0.000223958631100786,0.00351144275516708,5.39770083953631,5.83129281266696,5.8305606983805545,binance-apt-usdt-spot
2023-08-20,6.01203321604444,0.000230399226161782,0.00360247410771877,5.5669365127153,6.01203321604444,6.018971989512648,binance-apt-usdt-spot
2023-08-21,6.0626636540431,0.000231607361603423,0.00360109362558012,5.58239708849722,6.0626636540431,6.069169520045818,binance-apt-usdt-spot
2023-08-22,5.9543312523762,0.000227882923096607,0.003571269334623,5.46390567175701,5.9543312523762,5.943362380693024,binance-apt-usdt-spot
2023-08-23,5.83441184748603,0.000224588680928832,0.00357525391578997,5.37913521484804,5.83441184748603,5.843408738379477,binance-apt-usdt-spot
2023-08-24,6.01066087578511,0.000227227313142547,0.00358013032455723,5.53553835164934,6.01066087578511,6.0173298522785,binance-apt-usdt-spot
2023-08-25,5.79877345087777,0.000221947376204618,0.00350032179285351,5.36691845723498,5.79877345087777,5.815070891204985,binance-apt-usdt-spot
2023-08-26,5.68719524943096,0.000218394884324972,0.00344059516828712,5.2708251533371,5.68719524943096,5.687882823445894,binance-apt-usdt-spot
2023-08-27,5.72635188906179,0.000220192015612561,0.00347910140659233,5.30638097906709,5.72635188906179,5.723173662614075,binance-apt-usdt-spot
2023-08-28,5.69159733491164,0.000218182876419358,0.00343539084295893,5.27209313009407,5.69159733491164,5.698432979666522,binance-apt-usdt-spot
2023-08-29,5.73599113357277,0.000219742188974596,0.00347043975515675,5.29277816866053,5.73599113357277,5.725877158329154,binance-apt-usdt-spot
2023-08-30,5.89115704637202,0.000212890638798833,0.00341129800655669,5.41456885416831,5.89115704637202,5.904502536589483,binance-apt-usdt-spot
2023-08-31,5.78573373275417,0.000211939419148376,0.0033933063587277,5.29161013820381,5.78573373275417,5.7829333456907674,binance-apt-usdt-spot
2023-09-01,5.51532267580921,0.000212496668242855,0.003351400665577,5.08462382017568,5.51532267580921,5.512707699193201,binance-apt-usdt-spot
2023-09-02,5.50408872717749,0.000213313716880608,0.00337932591630382,5.10773040635494,5.50408872717749,5.49993370473365,binance-apt-usdt-spot
2023-09-03,5.57789497580946,0.000215626686611421,0.00340763129133732,5.1781988499025,5.57789497580946,5.573233734216947,binance-apt-usdt-spot
2023-09-04,5.45995178565294,0.000210301079705272,0.00333826702011228,5.06762458969474,5.45995178565294,5.466164263274603,binance-apt-usdt-spot
2023-09-05,5.49424748970013,0.000212959244148556,0.00337605238666284,5.08855766024617,5.49424748970013,5.51028228109392,binance-apt-usdt-spot
2023-09-06,5.52127640979712,0.000214149361593567,0.0033816378861336,5.14977513020008,5.52127640979712,5.528286343182603,binance-apt-usdt-spot
2023-09-07,5.53267482416314,0.000214821195073222,0.0033892971378222,5.16134664908563,5.53267482416314,5.530847093005652,binance-apt-usdt-spot
2023-09-08,5.6312819115191,0.000214847463660449,0.00342102289306595,5.26690449924298,5.6312819115191,5.64304411574818,binance-apt-usdt-spot
2023-09-09,5.5145469147263,0.000212878253567687,0.00336995690891307,5.15486064216363,5.5145469147263,5.517809698153258,binance-apt-usdt-spot
2023-09-10,5.48041852542175,0.000211643128918016,0.0033526018224695,5.12557861067066,5.48041852542175,5.4776983694057515,binance-apt-usdt-spot
2023-09-11,5.17214876444809,0.000200226692851095,0.00319778273851389,4.83086372613631,5.17214876444809,5.169534792336855,binance-apt-usdt-spot
2023-09-12,4.99722355547774,0.000198815027909746,0.00322534768446476,4.65327486216029,4.99722355547774,5.009851154932018,binance-apt-usdt-spot
2023-09-13,5.04117685853327,0.000194943348387731,0.00316257655023494,4.6878695461352,5.04117685853327,5.03903426632802,binance-apt-usdt-spot
